<?xml version="1.0" ?>
<LOG_ROOT>
	<PROJECT NAME="Team4_Project">
		<CBX_INST_ENTRY INSTANCE_NAME="|Processor|MuxIO:inst20|LPM_MUX:LPM_MUX_component" CBX_FILE_NAME="mux_m4e.tdf"/>
		<CBX_INST_ENTRY INSTANCE_NAME="|Processor|ALU:ALU|a2to1SixteenBitMultiplexor:inst|LPM_MUX:LPM_MUX_component" CBX_FILE_NAME="mux_m4e.tdf"/>
		<CBX_INST_ENTRY INSTANCE_NAME="|Processor|InstructionAddressGenerator:inst15|Const:inst5|lpm_constant:lpm_constant_component" CBX_FILE_NAME="lpm_constant_ak6.tdf"/>
		<CBX_INST_ENTRY INSTANCE_NAME="|Processor|InstructionAddressGenerator:inst15|MuxINC:inst|LPM_MUX:lpm_mux_component" CBX_FILE_NAME="mux_m4e.tdf"/>
		<CBX_INST_ENTRY INSTANCE_NAME="|Processor|InstructionAddressGenerator:inst15|MuxPC:inst3|LPM_MUX:lpm_mux_component" CBX_FILE_NAME="mux_m4e.tdf"/>
		<CBX_INST_ENTRY INSTANCE_NAME="|Processor|MemoryInterface:inst9|Const:inst3|lpm_constant:lpm_constant_component" CBX_FILE_NAME="lpm_constant_ak6.tdf"/>
		<CBX_INST_ENTRY INSTANCE_NAME="|Processor|MemoryInterface:inst9|MainMemory:inst|altsyncram:altsyncram_component" CBX_FILE_NAME="altsyncram_ghe1.tdf"/>
		<CBX_INST_ENTRY INSTANCE_NAME="|Processor|MuxB:inst10|LPM_MUX:LPM_MUX_component" CBX_FILE_NAME="mux_m4e.tdf"/>
		<CBX_INST_ENTRY INSTANCE_NAME="|Processor|MuxMA:inst23|LPM_MUX:LPM_MUX_component" CBX_FILE_NAME="mux_m4e.tdf"/>
		<CBX_INST_ENTRY INSTANCE_NAME="|Processor|SixteenBySixteenRegister:inst6|lpm_constant0:inst1|lpm_constant:LPM_CONSTANT_component" CBX_FILE_NAME="lpm_constant_9k6.tdf"/>
		<CBX_INST_ENTRY INSTANCE_NAME="|Processor|ALU:ALU|a2to1SixteenBitMultiplexor:inst1|LPM_MUX:LPM_MUX_component" CBX_FILE_NAME="mux_m4e.tdf"/>
		<CBX_INST_ENTRY INSTANCE_NAME="|Processor|IO_MemoryInterface:inst1|MUX2_1:inst|LPM_MUX:lpm_mux_component" CBX_FILE_NAME="mux_m4e.tdf"/>
		<CBX_INST_ENTRY INSTANCE_NAME="|Processor|InstructionAddressGenerator:inst15|Adder:inst1|lpm_add_sub:lpm_add_sub_component" CBX_FILE_NAME="add_sub_rlh.tdf"/>
		<CBX_INST_ENTRY INSTANCE_NAME="|Processor|MuxY:inst8|LPM_MUX:LPM_MUX_component" CBX_FILE_NAME="mux_o4e.tdf"/>
		<CBX_INST_ENTRY INSTANCE_NAME="|Processor|muxC:inst11|LPM_MUX:LPM_MUX_component" CBX_FILE_NAME="mux_63e.tdf"/>
		<CBX_INST_ENTRY INSTANCE_NAME="|Processor|ALU:ALU|FourToOneSixteenBit:inst6|LPM_MUX:LPM_MUX_component" CBX_FILE_NAME="mux_p4e.tdf"/>
		<CBX_INST_ENTRY INSTANCE_NAME="|Processor|controlUnit:inst|lpm_divide:Mod0" CBX_FILE_NAME="lpm_divide_qlo.tdf"/>
		<CBX_INST_ENTRY INSTANCE_NAME="|Processor|lpm_constant2:inst13|lpm_constant:LPM_CONSTANT_component" CBX_FILE_NAME="lpm_constant_sf6.tdf"/>
	</PROJECT>
</LOG_ROOT>
